Sample;Locus;Sequence;MotifDifference;Reads;Stutter_proportion;stutter_type;Hb_proportion;isLUS
S300;CSF1PO;[ATCT]13;ATCT:+1;11;0.0194690265486726;n+1;1.985559566787;1
S45;CSF1PO;[ATCT]14;ATCT:+1;14;0.024822695035461;n+1;2.54545454545455;1
S84;CSF1PO;[ATCT]13;ATCT:+1;15;0.0191326530612245;n+1;1.95058517555267;1
S89;CSF1PO;[ATCT]12;ATCT:+1;10;0.01953125;n+1;1.99203187250996;1
S70;D12S391;AGAT GAT [AGAT]9 [AGAC]8 AGAT;AGAT:-1/AGAC:+1;10;0.0233644859813084;n-1_n+1;2.39234449760766;1
S85;D12S391;[AGAT]12 [AGAC]6 AGAT;AGAT:+1;13;0.0233393177737881;n+1;2.38970588235294;1
S181;D12S391;[AGGT]2 [AGAT]9 [AGAC]9;AGGT:+1/AGAT:-1;10;0.0198412698412698;n+1_n-1;2.02429149797571;0
S361;D12S391;[AGGT]2 [AGAT]9 [AGAC]9;AGGT:+1/AGAT:-1;10;0.0164203612479475;n+1_n-1;1.669449081803;0
S298;D13S317;[TATC]11 [AATC]3 [ATCT]3 TTCT GTCT GTC;TATC:-1/AATC:+1;10;0.00648508430609598;n-1_n+1;0.652741514360313;1
S406;D13S317;[TATC]11 [AATC]3 [ATCT]3 TTCT GTCT GTC;TATC:-1/AATC:+1;10;0.00788022064617809;n-1_n+1;0.79428117553614;1
S142;D13S317;[TATC]10 [AATC]3 [ATCT]3 TTCT GTCT GTC;TATC:-1/AATC:+1;10;0.00881834215167548;n-1_n+1;0.889679715302491;1
S3;D13S317;[TATC]11 [AATC]3 [ATCT]3 TTCT GTCT GTC;TATC:-1/AATC:+1;11;0.00785153461812991;n-1_n+1;0.79136690647482;1
S314;D13S317;[TATC]13 AATC [ATCT]3 TTCT GTCT GTC;TATC:+1/AATC:-1;11;0.00896495517522412;n+1_n-1;0.904605263157895;1
S113;D18S51;[AGAA]13 AAAG AGAG AG;AGAA:+1;15;0.0135869565217391;n+1;1.37741046831956;1
S302;D18S51;[AGAA]18 AAAG AGAG AG;AGAA:+1;23;0.0182829888712242;n+1;1.86234817813765;1
S386;D18S51;[AGAA]17 AAAG AGAG AG;AGAA:+1;11;0.0158959537572254;n+1;1.61527165932452;1
S18;D18S51;[AGAA]19 AAAG AGAG AG;AGAA:+1;10;0.0109649122807018;n+1;1.10864745011086;1
S145;D1S1656;CA [CACA]2 CCTA [TCTA]13;TCTA:-2;10;0.0189035916824197;n-2;1.92678227360308;1
S289;D1S1656;CA [CACA]2 CCTA [TCTA]15;TCTA:+1;17;0.0289115646258503;n+1;2.97723292469352;1
S236;D21S11;[TCTA]6 [TCTG]5 [TCTA]3 TA [TCTA]3 TCA [TCTA]2 TCCATA [TCTA]12;TCTA:+1;11;0.027431421446384;n+1;2.82051282051282;1
S8;D21S11;[TCTA]4 [TCTG]6 [TCTA]3 TA [TCTA]3 TCA [TCTA]2 TCCATA [TCTA]11;TCTA:+1;11;0.0134803921568627;n+1;1.36645962732919;1
S292;D21S11;[TCTA]5 [TCTG]6 [TCTA]3 TA [TCTA]3 TCA [TCTA]2 TCCATA [TCTA]14 TA TCTA;TCTA:+1;10;0.0234192037470726;n+1;2.39808153477218;1
S13;D2S1338;[GGAA]2 GGAC [GGAA]13 [GGCA]8;GGAA:-1/GGCA:+1;11;0.0371621621621622;n-1_n+1;3.85964912280702;1
S206;D2S1338;[GGAA]10 [GGCA]7;GGAA:-1/GGCA:+1;13;0.0345744680851064;n-1_n+1;3.58126721763085;1
S380;D2S1338;[GGAA]2 GGAC [GGAA]13 [GGCA]8;GGAA:-1/GGCA:+1;14;0.0213089802130898;n-1_n+1;2.17729393468118;1
S43;D2S1338;[GGAA]14 [GGCA]7;GGAA:+2;48;0.0840630472854641;n+2;9.17782026768642;1
S44;D2S441;[TCTA]6 TCTG TCTA;TCTA:-2;12;0.0126582278481013;n-2;1.28205128205128;1
S172;D6S1043;[ATCT]5 ATGT [ATCT]10 [GTCT]2 [ATCT]2;ATCT:-1/GTCT:+1;21;0.0154298310066128;n-1_n+1;1.56716417910448;1
S316;D6S1043;[ATCT]13;ATCT:+2;11;0.00253690036900369;n+2;0.254335260115607;1
S313;D9S1122;[TAGA]14;TAGA:+2;13;0.0088135593220339;n+2;0.889192886456908;1
S24;TH01;[AATG]5 ATG [AATG]4;AATG:-1/AATG:+1;19;0.0074016361511492;n-1_n+1;0.745682888540031;1
S38;TPOX;[AATG]12;AATG:+1;18;0.0164533820840951;n+1;1.6728624535316;1
S387;VWA;TAGA TGGA [TAGA]12 [CAGA]4 TAGA;TAGA:+1;10;0.0210526315789474;n+1;2.1505376344086;1
